Participants,Trial,Direction,Colour,Position,Hit/Miss,R,Y,B
1,1,1,R,0,1,5,9,14
1,2,1,B,0,0,5,9,14
1,3,1,Y,0,0,5,9,14
1,4,2,Y,10,1,5,9,14
1,5,2,B,0,0,5,9,14
1,6,1,R,0,1,5,9,14
1,7,1,Y,0,1,5,9,14
1,8,2,B,-7,0,5,9,14
1,9,1,R,0,1,5,9,14
1,10,2,Y,-5,1,5,9,14
1,11,1,R,0,1,5,9,14
1,12,2,R,0,1,5,9,14
1,13,2,Y,0,0,5,9,14
1,14,2,B,12,1,5,9,14
1,15,1,B,-10,1,5,9,14
1,16,2,B,-11,0,5,9,14
1,17,1,Y,0,0,5,9,14
1,18,2,R,0,1,5,9,14
1,19,1,R,0,1,5,9,14
1,20,1,B,-10,1,5,9,14
1,21,1,B,5,0,5,9,14
1,22,1,Y,-2,0,5,9,14
1,23,1,R,0,1,5,9,14
1,24,2,Y,-3,0,5,9,14
1,25,2,R,0,1,5,9,14
1,26,2,Y,3,1,5,9,14
1,27,1,B,0,0,5,9,14
1,28,2,Y,-7,0,5,9,14
1,29,2,Y,3,0,5,9,14
1,30,1,R,0,1,5,9,14
1,31,1,R,0,1,5,9,14
1,32,2,B,12,1,5,9,14
1,33,1,B,-13,1,5,9,14
1,34,2,Y,1,1,5,9,14
1,35,2,B,11,1,5,9,14
1,36,2,R,0,1,5,9,14
1,37,1,Y,-3,0,5,9,14
1,38,2,R,0,1,5,9,14
1,39,1,B,14,0,5,9,14
1,40,1,B,0,0,5,9,14
1,41,2,Y,-3,0,5,9,14
1,42,2,R,0,0,5,9,14
1,43,1,B,-14,1,5,9,14
1,44,1,Y,4,0,5,9,14
1,45,2,R,0,1,5,9,14
2,1,2,R,0,1,5,10,15
2,2,1,Y,7,0,5,10,15
2,3,2,B,-7,0,5,10,15
2,4,1,B,-7,1,5,10,15
2,5,1,R,0,0,5,10,15
2,6,1,Y,5,0,5,10,15
2,7,2,R,0,0,5,10,15
2,8,1,B,8,0,5,10,15
2,9,1,Y,-7,1,5,10,15
2,10,1,B,-1,0,5,10,15
2,11,2,R,1,1,5,10,15
2,12,2,Y,5,1,5,10,15
2,13,1,Y,-4,0,5,10,15
2,14,1,B,3,0,5,10,15
2,15,1,Y,5,0,5,10,15
2,16,1,B,-8,0,5,10,15
2,17,1,R,0,1,5,10,15
2,18,1,R,-1,1,5,10,15
2,19,1,R,-2,0,5,10,15
2,20,1,Y,6,0,5,10,15
2,21,1,B,-9,0,5,10,15
2,22,1,R,0,0,5,10,15
2,23,1,R,0,1,5,10,15
2,24,1,Y,5,0,5,10,15
2,25,2,B,9,0,5,10,15
2,26,1,Y,-5,1,5,10,15
2,27,1,B,5,0,5,10,15
2,28,1,R,0,1,5,10,15
2,29,2,B,-5,0,5,10,15
2,30,2,R,0,1,5,10,15
2,31,1,B,-8,0,5,10,15
2,32,2,Y,6,1,5,10,15
2,33,2,B,7,1,5,10,15
2,34,1,R,0,1,5,10,15
2,35,2,Y,-4,1,5,10,15
2,36,2,Y,4,1,5,10,15
2,37,2,B,4,0,5,10,15
2,38,1,R,1,0,5,10,15
2,39,1,Y,-2,1,5,10,15
2,40,2,B,3,0,5,10,15
2,41,2,Y,4,0,5,10,15
2,42,1,B,-4,1,5,10,15
2,43,2,Y,3,1,5,10,15
2,44,2,R,0,1,5,10,15
2,45,1,R,0,1,5,10,15
3,1,2,B,0,0,5,9,13
3,2,1,Y,0,1,5,9,13
3,3,1,B,0,0,5,9,13
3,4,2,Y,0,1,5,9,13
3,5,2,R,0,0,5,9,13
3,6,1,R,0,1,5,9,13
3,7,2,Y,1,1,5,9,13
3,8,2,B,0,0,5,9,13
3,9,1,R,0,1,5,9,13
3,10,2,Y,0,1,5,9,13
3,11,1,B,0,0,5,9,13
3,12,2,Y,0,0,5,9,13
3,13,1,B,0,0,5,9,13
3,14,2,Y,0,0,5,9,13
3,15,1,R,0,1,5,9,13
3,16,2,R,0,1,5,9,13
3,17,2,B,0,0,5,9,13
3,18,1,R,0,1,5,9,13
3,19,1,Y,0,0,5,9,13
3,20,1,B,0,0,5,9,13
3,21,2,R,0,0,5,9,13
3,22,1,Y,0,0,5,9,13
3,23,1,R,0,1,5,9,13
3,24,2,B,0,0,5,9,13
3,25,1,R,0,1,5,9,13
3,26,1,Y,0,1,5,9,13
3,27,2,B,0,0,5,9,13
3,28,2,Y,0,0,5,9,13
3,29,2,B,0,0,5,9,13
3,30,2,R,0,1,5,9,13
3,31,1,B,0,0,5,9,13
3,32,2,B,0,0,5,9,13
3,33,1,R,0,1,5,9,13
3,34,1,Y,0,0,5,9,13
3,35,1,R,0,1,5,9,13
3,36,1,Y,0,0,5,9,13
3,37,1,Y,0,0,5,9,13
3,38,1,B,0,0,5,9,13
3,39,2,R,0,1,5,9,13
3,40,2,B,0,0,5,9,13
3,41,2,R,0,1,5,9,13
3,42,2,B,0,0,5,9,13
3,43,1,Y,0,0,5,9,13
3,44,2,Y,0,0,5,9,13
3,45,2,R,-2,0,5,9,13
4,1,2,R,0,1,6,12,17
4,2,1,R,0,0,6,12,17
4,3,1,B,0,0,6,12,17
4,4,1,Y,0,0,6,12,17
4,5,2,B,0,0,6,12,17
4,6,1,Y,0,1,6,12,17
4,7,2,B,0,0,6,12,17
4,8,1,Y,0,1,6,12,17
4,9,1,R,0,1,6,12,17
4,10,1,R,0,1,6,12,17
4,11,2,B,0,1,6,12,17
4,12,1,R,0,1,6,12,17
4,13,1,Y,0,0,6,12,17
4,14,2,R,0,1,6,12,17
4,15,2,Y,0,0,6,12,17
4,16,1,B,0,0,6,12,17
4,17,2,B,0,0,6,12,17
4,18,2,Y,0,0,6,12,17
4,19,2,Y,0,1,6,12,17
4,20,2,B,0,0,6,12,17
4,21,1,Y,0,0,6,12,17
4,22,2,R,0,1,6,12,17
4,23,1,B,0,0,6,12,17
4,24,2,Y,0,0,6,12,17
4,25,2,B,0,0,6,12,17
4,26,2,R,0,1,6,12,17
4,27,1,R,0,1,6,12,17
4,28,2,Y,0,1,6,12,17
4,29,1,B,0,0,6,12,17
4,30,2,B,0,1,6,12,17
4,31,2,R,0,1,6,12,17
4,32,2,Y,0,0,6,12,17
4,33,2,R,0,1,6,12,17
4,34,2,Y,0,0,6,12,17
4,35,2,B,0,1,6,12,17
4,36,1,R,0,1,6,12,17
4,37,1,B,0,0,6,12,17
4,38,2,B,0,0,6,12,17
4,39,2,Y,0,0,6,12,17
4,40,2,R,0,0,6,12,17
4,41,1,Y,0,0,6,12,17
4,42,2,R,0,0,6,12,17
4,43,1,R,0,1,6,12,17
4,44,2,B,0,0,6,12,17
4,45,1,Y,0,0,6,12,17
5,1,1,R,1,0,5,10,15
5,2,2,B,0,0,5,10,15
5,3,2,Y,1,0,5,10,15
5,4,1,R,1,1,5,10,15
5,5,2,B,1,1,5,10,15
5,6,1,Y,0,0,5,10,15
5,7,1,Y,0,0,5,10,15
5,8,2,R,0,0,5,10,15
5,9,2,B,0,0,5,10,15
5,10,2,R,0,0,5,10,15
5,11,2,Y,1,1,5,10,15
5,12,1,R,1,1,5,10,15
5,13,2,Y,0,0,5,10,15
5,14,1,Y,-1,0,5,10,15
5,15,2,B,0,0,5,10,15
5,16,1,B,1,0,5,10,15
5,17,1,R,0,1,5,10,15
5,18,1,B,0,0,5,10,15
5,19,1,R,-1,1,5,10,15
5,20,2,B,-1,0,5,10,15
5,21,2,Y,1,0,5,10,15
5,22,1,R,0,1,5,10,15
5,23,2,B,0,0,5,10,15
5,24,2,Y,0,1,5,10,15
5,25,2,R,0,1,5,10,15
5,26,2,Y,0,0,5,10,15
5,27,1,B,1,0,5,10,15
5,28,2,B,0,0,5,10,15
5,29,2,R,0,0,5,10,15
5,30,2,B,0,0,5,10,15
5,31,1,B,-1,0,5,10,15
5,32,1,Y,-1,0,5,10,15
5,33,1,R,-1,1,5,10,15
5,34,1,Y,-1,1,5,10,15
5,35,2,R,0,0,5,10,15
5,36,1,Y,1,0,5,10,15
5,37,1,Y,2,0,5,10,15
5,38,1,B,3,0,5,10,15
5,39,2,R,0,1,5,10,15
5,40,1,Y,-1,1,5,10,15
5,41,1,Y,0,0,5,10,15
5,42,2,B,3,0,5,10,15
5,43,2,R,-3,0,5,10,15
5,44,1,B,-2,0,5,10,15
5,45,2,R,-2,0,5,10,15
6,1,1,R,0,0,5,10,15
6,2,1,Y,-11,1,5,10,15
6,3,2,B,-16,0,5,10,15
6,4,1,R,0,1,5,10,15
6,5,1,B,0,0,5,10,15
6,6,2,Y,2,0,5,10,15
6,7,2,R,0,1,5,10,15
6,8,1,B,1,0,5,10,15
6,9,1,Y,0,0,5,10,15
6,10,1,Y,0,0,5,10,15
6,11,1,B,3,0,5,10,15
6,12,2,R,0,1,5,10,15
6,13,1,Y,1,0,5,10,15
6,14,1,B,1,0,5,10,15
6,15,2,R,0,1,5,10,15
6,16,1,B,0,0,5,10,15
6,17,1,Y,0,0,5,10,15
6,18,2,R,0,1,5,10,15
6,19,2,Y,0,1,5,10,15
6,20,1,B,0,0,5,10,15
6,21,1,B,0,0,5,10,15
6,22,1,R,0,1,5,10,15
6,23,2,B,3,0,5,10,15
6,24,1,R,0,1,5,10,15
6,25,1,Y,0,0,5,10,15
6,26,1,Y,0,0,5,10,15
6,27,1,R,0,1,5,10,15
6,28,1,B,0,0,5,10,15
6,29,1,R,0,0,5,10,15
6,30,1,Y,0,0,5,10,15
6,31,2,B,0,1,5,10,15
6,32,1,B,0,0,5,10,15
6,33,1,Y,0,0,5,10,15
6,34,1,Y,0,1,5,10,15
6,35,1,R,0,1,5,10,15
6,36,1,R,0,1,5,10,15
6,37,1,Y,0,1,5,10,15
6,38,2,Y,0,1,5,10,15
6,39,2,R,0,1,5,10,15
6,40,2,R,1,1,5,10,15
6,41,2,B,0,0,5,10,15
6,42,2,B,1,0,5,10,15
6,43,1,B,0,0,5,10,15
6,44,2,Y,-1,1,5,10,15
6,45,2,R,0,1,5,10,15
7,1,2,R,-4,0,5,9,14
7,2,2,Y,0,1,5,9,14
7,3,1,B,0,0,5,9,14
7,4,2,B,0,0,5,9,14
7,5,2,R,0,1,5,9,14
7,6,2,R,0,1,5,9,14
7,7,2,Y,0,0,5,9,14
7,8,1,B,0,0,5,9,14
7,9,2,Y,0,0,5,9,14
7,10,2,B,0,0,5,9,14
7,11,1,R,0,1,5,9,14
7,12,1,B,0,0,5,9,14
7,13,1,Y,0,1,5,9,14
7,14,2,R,0,0,5,9,14
7,15,2,B,0,0,5,9,14
7,16,1,Y,0,0,5,9,14
7,17,1,Y,0,0,5,9,14
7,18,1,R,0,1,5,9,14
7,19,2,B,0,0,5,9,14
7,20,2,Y,0,1,5,9,14
7,21,1,R,0,1,5,9,14
7,22,2,Y,0,1,5,9,14
7,23,2,R,0,1,5,9,14
7,24,2,Y,0,1,5,9,14
7,25,2,B,0,1,5,9,14
7,26,1,R,0,1,5,9,14
7,27,2,B,0,0,5,9,14
7,28,1,B,0,1,5,9,14
7,29,1,Y,0,1,5,9,14
7,30,2,Y,0,1,5,9,14
7,31,2,B,0,0,5,9,14
7,32,1,R,0,1,5,9,14
7,33,1,R,0,0,5,9,14
7,34,1,R,0,1,5,9,14
7,35,1,B,0,0,5,9,14
7,36,1,Y,0,1,5,9,14
7,37,1,R,0,1,5,9,14
7,38,1,B,0,0,5,9,14
7,39,1,Y,0,0,5,9,14
7,40,1,R,0,1,5,9,14
7,41,1,B,0,0,5,9,14
7,42,1,Y,0,0,5,9,14
7,43,1,R,0,1,5,9,14
7,44,2,B,0,0,5,9,14
7,45,2,Y,0,1,5,9,14
8,1,1,Y,2,0,5,9,13
8,2,1,R,0,1,5,9,13
8,3,1,R,1,1,5,9,13
8,4,2,B,0,0,5,9,13
8,5,1,Y,2,1,5,9,13
8,6,2,B,2,0,5,9,13
8,7,1,R,-1,1,5,9,13
8,8,1,B,-2,0,5,9,13
8,9,1,Y,-1,0,5,9,13
8,10,2,R,1,1,5,9,13
8,11,1,Y,2,1,5,9,13
8,12,2,Y,1,0,5,9,13
8,13,1,B,-1,1,5,9,13
8,14,2,R,3,1,5,9,13
8,15,2,B,-1,0,5,9,13
8,16,1,Y,-1,1,5,9,13
8,17,1,R,2,0,5,9,13
8,18,2,B,-1,0,5,9,13
8,19,1,Y,3,1,5,9,13
8,20,2,R,2,1,5,9,13
8,21,1,Y,-1,0,5,9,13
8,22,1,B,2,0,5,9,13
8,23,1,R,2,0,5,9,13
8,24,2,Y,0,1,5,9,13
8,25,2,R,1,1,5,9,13
8,26,1,B,2,0,5,9,13
8,27,1,B,0,0,5,9,13
8,28,2,R,-3,0,5,9,13
8,29,1,Y,1,1,5,9,13
8,30,2,B,2,0,5,9,13
8,31,2,Y,0,0,5,9,13
8,32,2,R,2,1,5,9,13
8,33,1,B,2,0,5,9,13
8,34,1,B,0,0,5,9,13
8,35,2,Y,2,0,5,9,13
8,36,1,R,-1,1,5,9,13
8,37,2,Y,1,0,5,9,13
8,38,1,B,2,1,5,9,13
8,39,1,R,-2,1,5,9,13
8,40,1,Y,1,0,5,9,13
8,41,2,B,1,0,5,9,13
8,42,2,Y,1,1,5,9,13
8,43,1,B,-1,0,5,9,13
8,44,2,R,2,1,5,9,13
8,45,1,R,-2,1,5,9,13
9,1,2,B,-10,0,5,10,15
9,2,1,Y,0,0,5,10,15
9,3,1,B,-6,0,5,10,15
9,4,2,Y,-4,0,5,10,15
9,5,1,B,-6,1,5,10,15
9,6,1,R,0,1,5,10,15
9,7,1,R,0,1,5,10,15
9,8,2,Y,4,1,5,10,15
9,9,1,R,2,1,5,10,15
9,10,2,R,0,1,5,10,15
9,11,2,Y,5,1,5,10,15
9,12,2,B,-6,0,5,10,15
9,13,2,R,1,1,5,10,15
9,14,1,Y,-5,0,5,10,15
9,15,2,Y,5,0,5,10,15
9,16,2,B,-6,0,5,10,15
9,17,2,B,8,1,5,10,15
9,18,2,R,0,1,5,10,15
9,19,1,Y,-4,1,5,10,15
9,20,2,R,0,1,5,10,15
9,21,2,B,-6,0,5,10,15
9,22,2,B,0,0,5,10,15
9,23,2,R,2,1,5,10,15
9,24,2,Y,4,1,5,10,15
9,25,2,R,0,1,5,10,15
9,26,2,B,-4,0,5,10,15
9,27,1,Y,6,1,5,10,15
9,28,1,B,-8,0,5,10,15
9,29,1,Y,2,0,5,10,15
9,30,1,Y,-3,1,5,10,15
9,31,1,B,4,0,5,10,15
9,32,2,R,-1,1,5,10,15
9,33,1,B,-5,0,5,10,15
9,34,2,R,1,1,5,10,15
9,35,1,Y,-3,0,5,10,15
9,36,2,R,2,1,5,10,15
9,37,2,Y,0,1,5,10,15
9,38,2,Y,-5,0,5,10,15
9,39,1,B,0,0,5,10,15
9,40,1,B,-1,0,5,10,15
9,41,2,B,7,1,5,10,15
9,42,1,R,0,1,5,10,15
9,43,2,R,-2,0,5,10,15
9,44,2,R,4,1,5,10,15
9,45,2,Y,-4,0,5,10,15
10,1,1,B,-2,0,5,9,13
10,2,1,R,0,1,5,9,13
10,3,2,Y,0,0,5,9,13
10,4,2,R,1,1,5,9,13
10,5,1,Y,-2,0,5,9,13
10,6,2,B,0,0,5,9,13
10,7,2,Y,0,0,5,9,13
10,8,2,R,0,1,5,9,13
10,9,2,B,0,0,5,9,13
10,10,1,R,1,1,5,9,13
10,11,1,B,1,0,5,9,13
10,12,2,Y,1,0,5,9,13
10,13,1,R,1,0,5,9,13
10,14,2,R,1,1,5,9,13
10,15,2,B,1,0,5,9,13
10,16,1,Y,0,0,5,9,13
10,17,2,Y,1,0,5,9,13
10,18,1,B,1,1,5,9,13
10,19,2,R,0,0,5,9,13
10,20,2,Y,0,0,5,9,13
10,21,2,B,0,0,5,9,13
10,22,2,Y,0,0,5,9,13
10,23,1,B,0,0,5,9,13
10,24,1,B,1,0,5,9,13
10,25,1,R,0,0,5,9,13
10,26,1,Y,0,0,5,9,13
10,27,2,R,1,1,5,9,13
10,28,1,B,0,1,5,9,13
10,29,2,Y,0,0,5,9,13
10,30,1,B,0,0,5,9,13
10,31,1,R,0,1,5,9,13
10,32,1,B,0,0,5,9,13
10,33,1,Y,1,0,5,9,13
10,34,1,R,1,0,5,9,13
10,35,1,R,1,1,5,9,13
10,36,2,Y,1,0,5,9,13
10,37,2,R,0,1,5,9,13
10,38,1,B,0,0,5,9,13
10,39,2,B,0,0,5,9,13
10,40,2,R,-1,1,5,9,13
10,41,2,Y,-1,1,5,9,13
10,42,1,R,-1,1,5,9,13
10,43,2,Y,0,0,5,9,13
10,44,2,B,0,0,5,9,13
10,45,2,Y,0,0,5,9,13
11,1,2,B,0,0,5,9,14
11,2,2,Y,0,1,5,9,14
11,3,2,R,0,1,5,9,14
11,4,1,B,0,0,5,9,14
11,5,1,R,0,1,5,9,14
11,6,1,Y,0,0,5,9,14
11,7,2,B,0,0,5,9,14
11,8,1,R,0,0,5,9,14
11,9,2,Y,0,1,5,9,14
11,10,2,B,0,0,5,9,14
11,11,2,Y,0,0,5,9,14
11,12,2,R,0,0,5,9,14
11,13,1,Y,0,0,5,9,14
11,14,1,B,0,0,5,9,14
11,15,2,R,0,0,5,9,14
11,16,2,R,0,1,5,9,14
11,17,1,B,0,0,5,9,14
11,18,2,Y,0,1,5,9,14
11,19,1,Y,0,1,5,9,14
11,20,2,R,0,0,5,9,14
11,21,1,B,0,0,5,9,14
11,22,2,R,0,1,5,9,14
11,23,1,Y,0,1,5,9,14
11,24,2,B,0,0,5,9,14
11,25,2,R,0,1,5,9,14
11,26,1,Y,0,0,5,9,14
11,27,2,B,0,0,5,9,14
11,28,1,B,0,0,5,9,14
11,29,1,R,0,1,5,9,14
11,30,1,B,0,0,5,9,14
11,31,1,Y,0,0,5,9,14
11,32,1,Y,0,0,5,9,14
11,33,2,R,0,1,5,9,14
11,34,1,B,0,0,5,9,14
11,35,1,R,0,1,5,9,14
11,36,2,Y,0,1,5,9,14
11,37,1,R,0,1,5,9,14
11,38,1,R,0,0,5,9,14
11,39,1,R,0,0,5,9,14
11,40,2,B,0,1,5,9,14
11,41,2,B,0,0,5,9,14
11,42,1,B,0,0,5,9,14
11,43,1,Y,0,1,5,9,14
11,44,1,Y,0,1,5,9,14
11,45,1,Y,0,1,5,9,14
12,1,2,Y,0,0,5,10,15
12,2,2,B,0,0,5,10,15
12,3,1,Y,0,0,5,10,15
12,4,2,B,1,1,5,10,15
12,5,1,R,1,0,5,10,15
12,6,1,R,0,1,5,10,15
12,7,1,Y,0,0,5,10,15
12,8,2,R,0,1,5,10,15
12,9,2,B,0,0,5,10,15
12,10,2,R,-1,1,5,10,15
12,11,1,Y,-1,0,5,10,15
12,12,1,Y,-1,0,5,10,15
12,13,1,B,-1,0,5,10,15
12,14,2,B,2,0,5,10,15
12,15,2,B,-2,0,5,10,15
12,16,1,Y,0,1,5,10,15
12,17,1,R,0,0,5,10,15
12,18,2,R,-1,0,5,10,15
12,19,2,R,-1,1,5,10,15
12,20,2,B,-1,0,5,10,15
12,21,1,B,1,0,5,10,15
12,22,2,B,0,0,5,10,15
12,23,2,Y,-1,0,5,10,15
12,24,1,R,0,1,5,10,15
12,25,2,Y,1,1,5,10,15
12,26,2,Y,0,1,5,10,15
12,27,2,R,0,1,5,10,15
12,28,1,B,1,0,5,10,15
12,29,1,B,-2,0,5,10,15
12,30,1,B,0,0,5,10,15
12,31,2,Y,-1,0,5,10,15
12,32,2,R,0,1,5,10,15
12,33,1,Y,0,0,5,10,15
12,34,1,Y,0,0,5,10,15
12,35,1,R,0,1,5,10,15
12,36,2,R,0,1,5,10,15
12,37,1,Y,-2,0,5,10,15
12,38,1,R,0,1,5,10,15
12,39,2,B,-1,0,5,10,15
12,40,1,B,0,0,5,10,15
12,41,2,B,0,0,5,10,15
12,42,2,Y,1,0,5,10,15
12,43,1,Y,1,1,5,10,15
12,44,1,R,0,1,5,10,15
12,45,1,R,-1,1,5,10,15
13,1,1,R,2,0,5,9,14
13,2,1,Y,-2,0,5,9,14
13,3,1,B,1,0,5,9,14
13,4,2,R,1,1,5,9,14
13,5,1,B,1,0,5,9,14
13,6,2,R,1,1,5,9,14
13,7,2,Y,2,1,5,9,14
13,8,2,Y,-1,0,5,9,14
13,9,2,B,-1,0,5,9,14
13,10,2,B,1,1,5,9,14
13,11,1,R,1,1,5,9,14
13,12,2,Y,1,0,5,9,14
13,13,2,B,-2,0,5,9,14
13,14,2,B,0,1,5,9,14
13,15,1,R,-1,1,5,9,14
13,16,1,Y,1,1,5,9,14
13,17,1,Y,1,0,5,9,14
13,18,2,R,-1,0,5,9,14
13,19,1,Y,1,0,5,9,14
13,20,1,R,0,1,5,9,14
13,21,1,B,-1,0,5,9,14
13,22,1,B,1,0,5,9,14
13,23,1,B,-2,0,5,9,14
13,24,1,Y,2,0,5,9,14
13,25,1,Y,-2,0,5,9,14
13,26,1,R,2,0,5,9,14
13,27,1,R,2,1,5,9,14
13,28,2,Y,2,0,5,9,14
13,29,2,R,-1,0,5,9,14
13,30,1,R,2,1,5,9,14
13,31,1,Y,1,0,5,9,14
13,32,1,R,0,0,5,9,14
13,33,2,Y,1,1,5,9,14
13,34,1,B,-2,1,5,9,14
13,35,1,B,1,0,5,9,14
13,36,2,B,-1,1,5,9,14
13,37,2,B,2,0,5,9,14
13,38,2,Y,-1,0,5,9,14
13,39,2,R,-1,0,5,9,14
13,40,2,R,-2,0,5,9,14
13,41,2,B,2,0,5,9,14
13,42,1,Y,-1,1,5,9,14
13,43,1,B,2,1,5,9,14
13,44,1,R,1,0,5,9,14
13,45,2,Y,-1,0,5,9,14
14,1,2,B,0,0,5,10,15
14,2,2,R,1,1,5,10,15
14,3,1,Y,0,0,5,10,15
14,4,1,R,0,1,5,10,15
14,5,1,Y,1,0,5,10,15
14,6,1,Y,0,0,5,10,15
14,7,1,R,0,1,5,10,15
14,8,1,B,1,0,5,10,15
14,9,2,B,0,0,5,10,15
14,10,1,Y,0,0,5,10,15
14,11,2,R,0,0,5,10,15
14,12,2,R,0,1,5,10,15
14,13,2,R,0,1,5,10,15
14,14,1,B,0,0,5,10,15
14,15,1,B,0,0,5,10,15
14,16,2,Y,0,0,5,10,15
14,17,2,Y,0,1,5,10,15
14,18,2,B,0,0,5,10,15
14,19,1,R,0,1,5,10,15
14,20,2,Y,0,1,5,10,15
14,21,1,B,0,1,5,10,15
14,22,2,R,0,1,5,10,15
14,23,1,Y,0,0,5,10,15
14,24,1,Y,0,1,5,10,15
14,25,2,B,0,0,5,10,15
14,26,2,B,0,0,5,10,15
14,27,1,R,0,1,5,10,15
14,28,1,B,0,0,5,10,15
14,29,2,R,0,1,5,10,15
14,30,2,Y,0,0,5,10,15
14,31,2,B,0,1,5,10,15
14,32,2,R,0,1,5,10,15
14,33,2,Y,0,0,5,10,15
14,34,1,B,0,0,5,10,15
14,35,2,Y,0,0,5,10,15
14,36,2,R,0,1,5,10,15
14,37,1,Y,0,0,5,10,15
14,38,1,R,0,1,5,10,15
14,39,2,R,0,1,5,10,15
14,40,1,B,0,0,5,10,15
14,41,2,Y,0,1,5,10,15
14,42,1,B,0,0,5,10,15
14,43,1,Y,0,1,5,10,15
14,44,1,B,0,0,5,10,15
14,45,1,R,0,1,5,10,15
15,1,1,R,0,1,4,9,13
15,2,2,Y,-3,0,4,9,13
15,3,2,B,0,0,4,9,13
15,4,2,B,-3,1,4,9,13
15,5,1,R,0,1,4,9,13
15,6,1,Y,-3,1,4,9,13
15,7,1,Y,4,0,4,9,13
15,8,2,B,-3,0,4,9,13
15,9,1,R,0,1,4,9,13
15,10,2,Y,3,0,4,9,13
15,11,2,R,1,1,4,9,13
15,12,1,R,-2,1,4,9,13
15,13,1,B,0,0,4,9,13
15,14,2,Y,4,1,4,9,13
15,15,1,B,4,0,4,9,13
15,16,1,Y,-2,0,4,9,13
15,17,2,R,0,0,4,9,13
15,18,2,B,5,0,4,9,13
15,19,2,R,0,1,4,9,13
15,20,2,R,0,1,4,9,13
15,21,1,Y,-4,1,4,9,13
15,22,1,B,4,0,4,9,13
15,23,2,Y,-4,0,4,9,13
15,24,2,R,0,1,4,9,13
15,25,2,Y,3,0,4,9,13
15,26,2,B,-4,0,4,9,13
15,27,2,B,-5,0,4,9,13
15,28,2,Y,-4,0,4,9,13
15,29,2,R,1,1,4,9,13
15,30,2,Y,4,1,4,9,13
15,31,1,R,0,1,4,9,13
15,32,1,Y,4,0,4,9,13
15,33,2,B,6,1,4,9,13
15,34,1,B,-7,1,4,9,13
15,35,1,B,-6,1,4,9,13
15,36,1,R,0,1,4,9,13
15,37,2,Y,-5,1,4,9,13
15,38,1,R,0,0,4,9,13
15,39,1,R,2,1,4,9,13
15,40,1,B,5,0,4,9,13
15,41,2,Y,0,0,4,9,13
15,42,1,Y,-4,1,4,9,13
15,43,1,R,0,1,4,9,13
15,44,2,B,6,1,4,9,13
15,45,2,B,-4,0,4,9,13
16,1,1,R,0,1,5,9,14
16,2,1,B,0,1,5,9,14
16,3,2,Y,0,0,5,9,14
16,4,1,R,0,1,5,9,14
16,5,1,B,0,0,5,9,14
16,6,1,Y,0,0,5,9,14
16,7,2,B,0,0,5,9,14
16,8,1,R,0,1,5,9,14
16,9,2,Y,0,0,5,9,14
16,10,1,Y,-1,0,5,9,14
16,11,1,B,0,0,5,9,14
16,12,2,R,0,1,5,9,14
16,13,2,R,0,1,5,9,14
16,14,2,Y,0,1,5,9,14
16,15,1,B,0,1,5,9,14
16,16,1,Y,0,1,5,9,14
16,17,1,B,0,0,5,9,14
16,18,2,R,0,1,5,9,14
16,19,2,R,0,1,5,9,14
16,20,1,R,0,1,5,9,14
16,21,2,Y,-1,0,5,9,14
16,22,1,Y,0,1,5,9,14
16,23,1,Y,0,0,5,9,14
16,24,1,B,0,0,5,9,14
16,25,2,R,0,1,5,9,14
16,26,2,B,0,1,5,9,14
16,27,2,B,0,1,5,9,14
16,28,2,Y,0,1,5,9,14
16,29,2,B,0,0,5,9,14
16,30,2,Y,0,0,5,9,14
16,31,2,R,0,0,5,9,14
16,32,2,Y,0,0,5,9,14
16,33,2,R,0,0,5,9,14
16,34,1,B,0,0,5,9,14
16,35,2,B,0,0,5,9,14
16,36,1,R,0,1,5,9,14
16,37,2,B,0,0,5,9,14
16,38,2,R,0,0,5,9,14
16,39,2,B,0,0,5,9,14
16,40,1,Y,0,1,5,9,14
16,41,2,R,0,1,5,9,14
16,42,2,Y,0,0,5,9,14
16,43,1,B,0,0,5,9,14
16,44,1,R,0,1,5,9,14
16,45,1,Y,0,1,5,9,14
17,1,1,Y,0,0,5,9,14
17,2,2,R,0,1,5,9,14
17,3,2,B,1,0,5,9,14
17,4,1,Y,0,0,5,9,14
17,5,1,R,1,1,5,9,14
17,6,2,Y,0,0,5,9,14
17,7,1,B,0,0,5,9,14
17,8,1,R,0,1,5,9,14
17,9,1,B,0,1,5,9,14
17,10,2,R,0,1,5,9,14
17,11,2,B,0,0,5,9,14
17,12,2,Y,0,0,5,9,14
17,13,1,R,0,1,5,9,14
17,14,2,Y,0,0,5,9,14
17,15,1,R,0,1,5,9,14
17,16,2,B,0,0,5,9,14
17,17,2,Y,0,0,5,9,14
17,18,1,B,0,0,5,9,14
17,19,1,B,0,0,5,9,14
17,20,2,B,0,1,5,9,14
17,21,2,R,0,0,5,9,14
17,22,1,Y,-2,1,5,9,14
17,23,1,Y,-1,1,5,9,14
17,24,1,B,2,0,5,9,14
17,25,2,R,0,1,5,9,14
17,26,1,Y,1,0,5,9,14
17,27,2,R,0,1,5,9,14
17,28,1,B,0,0,5,9,14
17,29,1,Y,0,1,5,9,14
17,30,1,B,0,0,5,9,14
17,31,2,Y,0,0,5,9,14
17,32,2,R,0,0,5,9,14
17,33,1,B,-2,0,5,9,14
17,34,1,Y,0,1,5,9,14
17,35,1,R,0,0,5,9,14
17,36,1,R,0,1,5,9,14
17,37,2,B,0,0,5,9,14
17,38,2,B,0,0,5,9,14
17,39,2,B,0,0,5,9,14
17,40,2,Y,-1,1,5,9,14
17,41,1,Y,0,1,5,9,14
17,42,1,Y,1,0,5,9,14
17,43,2,R,0,0,5,9,14
17,44,1,R,0,1,5,9,14
17,45,1,R,0,1,5,9,14
18,1,1,R,0,1,4,8,12
18,2,2,B,-5,0,4,8,12
18,3,2,Y,3,0,4,8,12
18,4,1,R,-2,1,4,8,12
18,5,2,B,-1,0,4,8,12
18,6,1,R,0,1,4,8,12
18,7,1,Y,0,1,4,8,12
18,8,1,B,2,1,4,8,12
18,9,1,Y,1,0,4,8,12
18,10,2,R,0,1,4,8,12
18,11,1,B,0,0,4,8,12
18,12,2,R,0,0,4,8,12
18,13,2,B,1,0,4,8,12
18,14,1,Y,0,0,4,8,12
18,15,1,Y,0,0,4,8,12
18,16,1,R,0,1,4,8,12
18,17,1,B,0,0,4,8,12
18,18,1,Y,0,0,4,8,12
18,19,1,B,0,0,4,8,12
18,20,1,R,1,1,4,8,12
18,21,2,Y,0,1,4,8,12
18,22,2,B,1,0,4,8,12
18,23,1,R,1,0,4,8,12
18,24,2,Y,1,1,4,8,12
18,25,1,Y,0,1,4,8,12
18,26,1,R,0,0,4,8,12
18,27,1,B,0,0,4,8,12
18,28,1,B,0,0,4,8,12
18,29,2,Y,0,0,4,8,12
18,30,1,R,0,1,4,8,12
18,31,1,R,0,1,4,8,12
18,32,1,B,0,0,4,8,12
18,33,2,Y,0,1,4,8,12
18,34,1,Y,0,0,4,8,12
18,35,2,R,0,1,4,8,12
18,36,2,B,1,0,4,8,12
18,37,1,R,0,1,4,8,12
18,38,2,B,0,0,4,8,12
18,39,1,Y,0,1,4,8,12
18,40,1,R,0,1,4,8,12
18,41,1,Y,0,1,4,8,12
18,42,1,B,0,0,4,8,12
18,43,1,B,0,0,4,8,12
18,44,2,Y,0,0,4,8,12
18,45,2,R,0,0,4,8,12
19,1,1,R,0,1,5,9,14
19,2,2,B,-3,0,5,9,14
19,3,1,Y,0,0,5,9,14
19,4,2,Y,0,1,5,9,14
19,5,1,Y,-1,1,5,9,14
19,6,1,B,-1,1,5,9,14
19,7,2,B,-1,1,5,9,14
19,8,2,R,0,0,5,9,14
19,9,2,R,0,1,5,9,14
19,10,1,Y,0,0,5,9,14
19,11,1,Y,0,0,5,9,14
19,12,2,Y,0,0,5,9,14
19,13,1,R,0,1,5,9,14
19,14,1,R,0,1,5,9,14
19,15,2,B,0,0,5,9,14
19,16,2,B,0,0,5,9,14
19,17,2,B,0,0,5,9,14
19,18,1,R,0,1,5,9,14
19,19,2,Y,0,0,5,9,14
19,20,1,Y,0,0,5,9,14
19,21,2,R,0,1,5,9,14
19,22,1,R,0,1,5,9,14
19,23,2,R,0,1,5,9,14
19,24,1,B,0,0,5,9,14
19,25,1,B,0,1,5,9,14
19,26,1,B,0,1,5,9,14
19,27,2,Y,0,1,5,9,14
19,28,2,B,0,0,5,9,14
19,29,1,R,0,1,5,9,14
19,30,1,B,0,0,5,9,14
19,31,2,B,0,0,5,9,14
19,32,2,Y,0,0,5,9,14
19,33,2,R,0,1,5,9,14
19,34,2,Y,0,0,5,9,14
19,35,2,Y,0,0,5,9,14
19,36,2,R,0,0,5,9,14
19,37,2,R,0,1,5,9,14
19,38,1,B,0,0,5,9,14
19,39,2,Y,0,1,5,9,14
19,40,1,R,0,1,5,9,14
19,41,1,R,0,1,5,9,14
19,42,1,Y,0,1,5,9,14
19,43,1,Y,0,1,5,9,14
19,44,1,B,0,0,5,9,14
19,45,2,B,0,0,5,9,14
20,1,1,B,0,0,4,8,13
20,2,1,Y,0,1,4,8,13
20,3,2,R,0,0,4,8,13
20,4,2,Y,0,0,4,8,13
20,5,2,R,0,1,4,8,13
20,6,1,Y,0,0,4,8,13
20,7,1,R,0,1,4,8,13
20,8,1,B,0,0,4,8,13
20,9,2,B,0,0,4,8,13
20,10,1,B,-1,0,4,8,13
20,11,1,R,0,0,4,8,13
20,12,1,Y,0,0,4,8,13
20,13,2,B,0,0,4,8,13
20,14,1,R,0,0,4,8,13
20,15,2,R,0,0,4,8,13
20,16,1,Y,0,0,4,8,13
20,17,2,B,0,0,4,8,13
20,18,1,Y,0,0,4,8,13
20,19,1,B,0,0,4,8,13
20,20,2,R,0,1,4,8,13
20,21,2,B,0,0,4,8,13
20,22,2,Y,0,1,4,8,13
20,23,1,R,0,1,4,8,13
20,24,1,R,0,1,4,8,13
20,25,1,Y,0,1,4,8,13
20,26,2,Y,0,1,4,8,13
20,27,1,B,0,0,4,8,13
20,28,2,B,0,0,4,8,13
20,29,2,Y,0,1,4,8,13
20,30,2,R,0,1,4,8,13
20,31,1,Y,0,0,4,8,13
20,32,1,R,0,1,4,8,13
20,33,1,R,0,1,4,8,13
20,34,1,B,0,0,4,8,13
20,35,1,Y,0,0,4,8,13
20,36,1,B,0,1,4,8,13
20,37,2,B,0,1,4,8,13
20,38,1,Y,0,0,4,8,13
20,39,1,R,0,1,4,8,13
20,40,1,Y,0,0,4,8,13
20,41,2,R,0,1,4,8,13
20,42,1,R,0,1,4,8,13
20,43,1,B,0,0,4,8,13
20,44,2,Y,0,0,4,8,13
20,45,1,B,0,0,4,8,13
21,1,2,R,0,1,6,11,16
21,2,2,B,-8,0,6,11,16
21,3,2,Y,0,0,6,11,16
21,4,1,R,0,1,6,11,16
21,5,2,Y,3,0,6,11,16
21,6,1,B,-14,1,6,11,16
21,7,2,R,0,1,6,11,16
21,8,1,B,13,0,6,11,16
21,9,2,Y,0,0,6,11,16
21,10,2,B,8,0,6,11,16
21,11,2,Y,0,1,6,11,16
21,12,1,R,0,1,6,11,16
21,13,1,B,0,0,6,11,16
21,14,1,Y,-7,1,6,11,16
21,15,2,B,7,1,6,11,16
21,16,1,R,0,1,6,11,16
21,17,1,Y,0,0,6,11,16
21,18,2,R,0,0,6,11,16
21,19,2,B,11,1,6,11,16
21,20,1,R,0,1,6,11,16
21,21,2,Y,0,0,6,11,16
21,22,2,R,0,0,6,11,16
21,23,2,B,-12,0,6,11,16
21,24,2,Y,0,1,6,11,16
21,25,2,R,0,0,6,11,16
21,26,2,B,-9,0,6,11,16
21,27,2,Y,0,0,6,11,16
21,28,2,B,-11,0,6,11,16
21,29,2,R,0,1,6,11,16
21,30,1,R,0,1,6,11,16
21,31,1,Y,0,1,6,11,16
21,32,1,R,0,1,6,11,16
21,33,1,B,-10,1,6,11,16
21,34,1,Y,0,1,6,11,16
21,35,1,Y,0,1,6,11,16
21,36,1,B,0,0,6,11,16
21,37,2,R,0,1,6,11,16
21,38,1,B,0,0,6,11,16
21,39,1,B,-10,1,6,11,16
21,40,1,R,0,1,6,11,16
21,41,1,B,10,0,6,11,16
21,42,2,Y,0,1,6,11,16
21,43,2,Y,0,0,6,11,16
21,44,2,Y,-7,0,6,11,16
21,45,2,R,0,1,6,11,16
22,1,1,R,0,0,5,9,14
22,2,1,R,-7,1,5,9,14
22,3,2,B,2,0,5,9,14
22,4,2,Y,-2,0,5,9,14
22,5,1,B,-4,1,5,9,14
22,6,1,Y,3,0,5,9,14
22,7,2,R,-1,1,5,9,14
22,8,1,B,7,0,5,9,14
22,9,2,Y,-2,0,5,9,14
22,10,1,R,-3,1,5,9,14
22,11,2,B,2,0,5,9,14
22,12,1,Y,-4,1,5,9,14
22,13,2,R,1,1,5,9,14
22,14,1,Y,-7,1,5,9,14
22,15,1,R,3,1,5,9,14
22,16,1,B,-7,0,5,9,14
22,17,1,B,5,0,5,9,14
22,18,1,Y,4,0,5,9,14
22,19,1,B,6,0,5,9,14
22,20,1,R,2,1,5,9,14
22,21,2,Y,4,1,5,9,14
22,22,1,R,-11,0,5,9,14
22,23,1,Y,4,0,5,9,14
22,24,1,R,2,1,5,9,14
22,25,1,Y,7,0,5,9,14
22,26,1,B,1,0,5,9,14
22,27,1,B,6,0,5,9,14
22,28,2,R,1,1,5,9,14
22,29,2,R,-8,0,5,9,14
22,30,1,B,3,0,5,9,14
22,31,1,R,5,0,5,9,14
22,32,1,Y,-5,1,5,9,14
22,33,2,B,-7,0,5,9,14
22,34,1,Y,-4,0,5,9,14
22,35,2,Y,-10,0,5,9,14
22,36,2,B,3,0,5,9,14
22,37,2,Y,-8,0,5,9,14
22,38,2,B,5,0,5,9,14
22,39,1,B,11,0,5,9,14
22,40,2,R,2,1,5,9,14
22,41,2,R,-4,0,5,9,14
22,42,2,Y,0,0,5,9,14
22,43,2,Y,-2,0,5,9,14
22,44,2,B,-3,0,5,9,14
22,45,1,R,1,0,5,9,14
23,1,2,Y,3,1,5,10,15
23,2,1,R,9,0,5,10,15
23,3,2,B,0,0,5,10,15
23,4,1,Y,-4,0,5,10,15
23,5,2,R,5,1,5,10,15
23,6,2,B,-9,1,5,10,15
23,7,1,Y,4,0,5,10,15
23,8,2,R,-2,1,5,10,15
23,9,2,B,-5,0,5,10,15
23,10,1,Y,-1,0,5,10,15
23,11,2,B,0,0,5,10,15
23,12,2,R,7,1,5,10,15
23,13,2,B,4,0,5,10,15
23,14,2,Y,1,0,5,10,15
23,15,2,R,-10,0,5,10,15
23,16,2,B,3,0,5,10,15
23,17,2,Y,0,0,5,10,15
23,18,1,R,10,0,5,10,15
23,19,1,Y,1,0,5,10,15
23,20,1,B,10,1,5,10,15
23,21,2,Y,-4,0,5,10,15
23,22,1,B,-5,0,5,10,15
23,23,1,R,5,0,5,10,15
23,24,2,R,13,1,5,10,15
23,25,1,R,0,1,5,10,15
23,26,2,B,15,1,5,10,15
23,27,1,Y,4,0,5,10,15
23,28,2,R,0,1,5,10,15
23,29,2,Y,5,1,5,10,15
23,30,2,R,0,1,5,10,15
23,31,2,Y,5,1,5,10,15
23,32,1,B,-15,1,5,10,15
23,33,1,Y,5,0,5,10,15
23,34,2,B,15,1,5,10,15
23,35,2,R,4,1,5,10,15
23,36,1,B,15,0,5,10,15
23,37,2,R,8,1,5,10,15
23,38,1,Y,3,0,5,10,15
23,39,2,R,0,1,5,10,15
23,40,2,B,0,1,5,10,15
23,41,2,R,0,1,5,10,15
23,42,2,Y,5,1,5,10,15
23,43,2,B,5,0,5,10,15
23,44,2,B,-5,0,5,10,15
23,45,1,Y,1,0,5,10,15
24,1,1,Y,-7,1,5,10,14
24,2,2,R,-2,0,5,10,14
24,3,1,R,0,1,5,10,14
24,4,2,B,0,0,5,10,14
24,5,2,R,-1,1,5,10,14
24,6,2,B,7,0,5,10,14
24,7,1,Y,0,0,5,10,14
24,8,1,B,-8,1,5,10,14
24,9,1,Y,6,1,5,10,14
24,10,1,R,0,1,5,10,14
24,11,1,R,0,1,5,10,14
24,12,2,R,-1,0,5,10,14
24,13,1,B,7,0,5,10,14
24,14,1,Y,-2,0,5,10,14
24,15,1,B,6,0,5,10,14
24,16,2,Y,3,1,5,10,14
24,17,2,B,4,0,5,10,14
24,18,1,Y,-6,1,5,10,14
24,19,1,B,-7,0,5,10,14
24,20,1,Y,4,1,5,10,14
24,21,2,Y,4,1,5,10,14
24,22,1,R,0,1,5,10,14
24,23,1,Y,-4,1,5,10,14
24,24,2,B,7,1,5,10,14
24,25,2,R,0,1,5,10,14
24,26,2,B,-8,0,5,10,14
24,27,2,R,-1,1,5,10,14
24,28,2,R,0,1,5,10,14
24,29,1,B,-9,1,5,10,14
24,30,2,B,-9,0,5,10,14
24,31,1,Y,-4,1,5,10,14
24,32,1,R,-1,1,5,10,14
24,33,2,Y,6,1,5,10,14
24,34,1,Y,-4,1,5,10,14
24,35,2,B,8,1,5,10,14
24,36,1,R,0,1,5,10,14
24,37,2,B,-8,0,5,10,14
24,38,1,Y,-4,1,5,10,14
24,39,1,R,0,1,5,10,14
24,40,2,Y,3,0,5,10,14
24,41,2,B,-9,0,5,10,14
24,42,1,Y,-7,1,5,10,14
24,43,2,B,-6,0,5,10,14
24,44,1,R,0,1,5,10,14
24,45,2,R,0,1,5,10,14
